{
    "AcquisitionNumber": 1,
    "AcquisitionTime": "10:57:56.710000",
    "BrainVoyagerInfo": {
        "AcquisitionTime": "105756.710000",
        "CalculatedDicomSlice1CenterX": -1.7633391618728638,
        "CalculatedDicomSlice1CenterY": -29.60811424255371,
        "CalculatedDicomSlice1CenterZ": -81.40664672851562,
        "CalculatedDicomSliceNCenterX": -0.7069770693778992,
        "CalculatedDicomSliceNCenterY": 2.531024932861328,
        "CalculatedDicomSliceNCenterZ": 41.9716682434082,
        "CoordinateSystem": 1,
        "DataStorageFormat": 2,
        "DataType": 2,
        "DicomColDirX": 0,
        "DicomColDirY": 0.9677063226699829,
        "DicomColDirZ": -0.25208035111427307,
        "DicomFoVCols": 210,
        "DicomFoVRows": 210,
        "DicomGapThickness": 0,
        "DicomNCols": 84,
        "DicomNRows": 84,
        "DicomPosInfoPresent": 1,
        "DicomRowDirX": 0.9999656677246094,
        "DicomRowDirY": -0.0020885516423732042,
        "DicomRowDirZ": -0.008017628453671932,
        "DicomSliceThickness": 2.5,
        "DocumentType": "FMR",
        "MultiBandSequence": true,
        "NrOfPastSpatialTransformations": 0,
        "NrOfPreprocessingSteps": 0,
        "NrOfSkippedVolumes": 0,
        "Protocol": {
            "Conditions": [
                {
                    "ColorB": 255,
                    "ColorG": 0,
                    "ColorR": 0,
                    "IntervalsFrom": [
                        17,
                        45,
                        113,
                        121,
                        133,
                        169,
                        177,
                        189
                    ],
                    "IntervalsTo": [
                        17,
                        45,
                        113,
                        121,
                        133,
                        169,
                        177,
                        189
                    ],
                    "Name": "Face_Left",
                    "NrOfIntervals": 8
                },
                {
                    "ColorB": 255,
                    "ColorG": 128,
                    "ColorR": 0,
                    "IntervalsFrom": [
                        29,
                        57,
                        61,
                        85,
                        153,
                        185,
                        205,
                        233
                    ],
                    "IntervalsTo": [
                        29,
                        57,
                        61,
                        85,
                        153,
                        185,
                        205,
                        233
                    ],
                    "Name": "Face_Center",
                    "NrOfIntervals": 8
                },
                {
                    "ColorB": 255,
                    "ColorG": 255,
                    "ColorR": 0,
                    "IntervalsFrom": [
                        33,
                        41,
                        97,
                        141,
                        145,
                        165,
                        213,
                        237,
                        241,
                        249
                    ],
                    "IntervalsTo": [
                        33,
                        41,
                        97,
                        141,
                        145,
                        165,
                        213,
                        237,
                        241,
                        249
                    ],
                    "Name": "Face_Right",
                    "NrOfIntervals": 10
                },
                {
                    "ColorB": 128,
                    "ColorG": 255,
                    "ColorR": 128,
                    "IntervalsFrom": [
                        21,
                        37,
                        53,
                        101,
                        129,
                        209,
                        221,
                        261
                    ],
                    "IntervalsTo": [
                        21,
                        37,
                        53,
                        101,
                        129,
                        209,
                        221,
                        261
                    ],
                    "Name": "Hand_Left",
                    "NrOfIntervals": 8
                },
                {
                    "ColorB": 0,
                    "ColorG": 255,
                    "ColorR": 255,
                    "IntervalsFrom": [
                        65,
                        81,
                        105,
                        109,
                        173,
                        193,
                        225,
                        229
                    ],
                    "IntervalsTo": [
                        65,
                        81,
                        105,
                        109,
                        173,
                        193,
                        225,
                        229
                    ],
                    "Name": "Hand_Center",
                    "NrOfIntervals": 8
                },
                {
                    "ColorB": 0,
                    "ColorG": 128,
                    "ColorR": 255,
                    "IntervalsFrom": [
                        69,
                        73,
                        93,
                        149,
                        161,
                        197,
                        201,
                        245,
                        257
                    ],
                    "IntervalsTo": [
                        69,
                        73,
                        93,
                        149,
                        161,
                        197,
                        201,
                        245,
                        257
                    ],
                    "Name": "Hand_Right",
                    "NrOfIntervals": 9
                }
            ],
            "FileName": "sub-23_ses-01_VAR5_run-7.prt",
            "Name": "newbi4fmri_VAR5_Suboptimal-Event-Related",
            "NrOfConditions": 6,
            "TimeCourseColors": {
                "RefTCPenThick": 3,
                "RefTimeCourseB": 80,
                "RefTimeCourseG": 0,
                "RefTimeCourseR": 0,
                "TCBackColorB": 0,
                "TCBackColorG": 0,
                "TCBackColorR": 0,
                "TCPenThick": 3,
                "TCTextColorB": 255,
                "TCTextColorG": 255,
                "TCTextColorR": 255,
                "TimeCourseB": 255,
                "TimeCourseG": 255,
                "TimeCourseR": 255
            },
            "TimeResolution": "Volumes"
        },
        "SliceAcquisitionOrder": 5,
        "SliceAcquisitionOrderVerified": true,
        "SliceGap": 0,
        "SliceThickness": 2.5,